country_code,country,fdi_net_inflows_pct_gdp,gdp_growth_pct,gdp_per_capita_usd,gdp_usd,inflation_pct,internet_users_pct,population,trade_pct_gdp,score_gdp_usd,score_gdp_growth_pct,score_gdp_per_capita_usd,score_population,score_internet_users_pct,score_trade_pct_gdp,score_fdi_net_inflows_pct_gdp,score_inflation_pct,market_attractiveness,commercial_accessibility,opportunity_score,rank,segment
MEX,Mexico,2.48429388161511,1.35057631384696,13988.0423745241,1830489311088.89,4.72225588452932,83.12233799,130861007.0,75.4259015415068,89.93501123048877,54.97394911201835,45.39990018436299,73.9931627741446,43.553105230734374,90.66364449221615,67.54553462915831,96.25490831246528,69.40436528863867,70.44402519329262,69.87221224573295,1,Priority Market
BRA,Brazil,3.38960808548439,3.41931516501906,10310.5486973693,2185821610689.31,4.36746407652337,84.46347227,211998573.0,35.5845239386244,100.0,92.58019923154706,20.314063000308423,100.0,50.53143012355755,8.66496757310017,79.89345416154106,96.54143426089776,83.488065790478,48.213059519328105,67.61431296846057,2,Priority Market
CHL,Chile,3.97989457086765,2.80512637106611,16658.9652720351,329260633698.726,4.29763891572524,95.590243,19764771.0,63.9577465302563,12.620187406594047,81.41526297440669,63.61946568745381,9.248761416506369,100.0,67.06070718921893,87.94459264077116,96.59782429012245,40.04209025068332,85.96323679325795,60.70660619484191,3,Priority Market
CRI,Costa Rica,5.58692738273204,4.08292444182048,18853.2828705886,96715644330.6612,-0.412853001047069,87.17019653,5129910.0,69.8533786394509,0.643880828586489,100.0,78.58789224094468,0.7198917759791539,64.61533026931069,79.19467598353187,100.0,100.0,41.92646284983579,81.27000208428085,59.631055505336064,4,Growth Bet
URY,Uruguay,-4.78198682520397,3.32575905957381,24308.4954958447,82322859144.2816,4.84914366613156,91.99109007,3386588.0,51.4582237554765,0.0,90.87950399899526,100.0,0.0,89.69988883851873,41.335082441289806,0.0,96.15243514045939,42.96713745427143,54.36192766443167,48.09479304884354,5,Growth Bet
PAN,Panama,2.41063281860388,2.74784148771307,19161.218843129,86523959100.0,0.69322555100446,72.77149963,4515577.0,83.6737788620216,0.11899853720432799,80.3739185581108,80.68846190833798,0.3618722448832312,0.0,100.0,66.54084379933921,99.50870874282097,36.69985619359928,59.17671070461104,46.814440723554576,6,Selective Opportunity
PER,Peru,2.29780708272736,3.5152749274832,8526.29665719783,291751523018.903,2.00770739412712,81.95705992,34217848.0,51.6811479870417,10.688429555389757,94.32458897247179,8.14287792034164,17.671691407949552,37.48981307259046,41.79388916789843,65.00197132630079,98.4471477137916,34.305147617777884,51.81135523198443,42.18294104417083,7,Selective Opportunity
COL,Colombia,3.25416050189283,1.49330728771066,7951.08624019412,420504033143.211,6.60908593728228,79.34543299,52886363.0,36.3179938785373,17.31931649957645,57.56856210528286,4.2191091434797015,28.551284375537485,23.900732927396877,10.174543000744274,78.04603383399503,94.73112518614552,27.9567035774717,39.227668959839896,33.02863799953739,8,Selective Opportunity
ARG,Argentina,1.82409522925391,-1.34293072157739,13969.7836603737,638365455340.04,219.883929014578,89.66715228,45696159.0,27.929760849367,28.539404237610853,6.010446920580201,45.27534928894948,24.360994313691506,77.60774178719618,0.0,58.540837917340546,0.0,24.67833135613327,38.878322355141066,31.06832730568678,9,Monitor
ECU,Ecuador,0.360313100049938,-1.94409022506859,6826.5294137822,123802374000.0,1.54732515615369,77.17273115,18135478.0,57.4436448205751,2.0388753180276975,0.0,0.0,8.29924589987635,12.595511995489279,53.653848449681625,38.575765164587885,98.81894732810115,2.2503630065330444,41.63539544364329,19.973627603232657,10,Monitor
