year,country_code,country,fdi_net_inflows_pct_gdp,gdp_growth_pct,gdp_per_capita_usd,gdp_usd,population,score_gdp_usd,score_gdp_growth_pct,score_gdp_per_capita_usd,score_population,score_fdi_net_inflows_pct_gdp,screening_score,rank
2025,BRA,Brazil,3.40696865505948,2.2857464902475,10713.2856869511,2279920092492.13,212812405.0,100.0,63.63048582578251,20.89449369855156,100.0,61.94198491031929,73.5818780534684,1
2025,MEX,Mexico,2.35098180233848,0.561683456144578,13889.2339628708,1832641364775.52,131946900.0,83.00099479208501,33.64663543834586,39.31270361961533,61.614521587308744,42.143418187351415,55.314244020917585,2
2025,CRI,Costa Rica,5.42895237748853,4.56033547844829,19970.0989059622,102904921157.478,5152950.0,0.8411254321435153,100.0,74.577335563617,0.8466012631676924,99.85190730955524,50.30124538471185,3
2025,ARG,Argentina,0.458822968080686,4.36733330217022,14898.0885943842,683097891618.597,45851378.0,28.399415501429957,99.83217120651908,45.1633330281407,20.351939096887605,6.667566538274297,42.88152715014479,4
2025,CHL,Chile,4.06114644888118,2.45925474781374,17994.5911957485,357371159574.862,19859921.0,12.927887540917489,66.64803537759339,63.12081532263185,7.895139793101124,74.20708335002952,41.700133325228855,5
2025,PAN,Panama,1.03740687229861,4.35030460627731,19789.7308555826,90462600000.0,4571189.0,0.25013396370072977,99.53601853701309,73.53133092930584,0.567783495476942,17.515364503729042,37.14134994791276,6
2025,PER,Peru,3.09176833503603,3.43056395124466,9684.41170314988,334854659181.893,34576665.0,11.858387769692277,83.54045129251774,14.92776648210015,14.948362181257506,56.03233314618517,36.143986813492916,7
2025,COL,Colombia,2.52970921188005,2.64201548985928,8561.62091854449,457410034202.523,53425635.0,17.679583038025914,69.82649848352135,8.41638954152026,23.982016445929638,45.49435625434919,33.53718092971276,8
2025,URY,Uruguay,1.31014232152148,1.78471117082752,25215.8238152781,85347696277.6859,3384688.0,0.007183759833254396,54.916785828075014,100.0,0.0,22.628847664285274,31.54129137324066,9
2025,ECU,Ecuador,0.99695043238739,3.72594857272087,7125.27618527738,130320560400.0,18289896.0,2.143326901561292,88.67760006370564,0.08662579287511743,7.142681540109482,16.75685172216162,24.813725069819576,10
