country_code,rank_2024,screening_score_2024,country,rank_2025,screening_score_2025,score_change_points,rank_change
BRA,1,77.65018101133455,Brazil,1,73.5818780534684,-4.068302957866152,0
MEX,2,58.84155378241857,Mexico,2,55.314244020917585,-3.5273097615009874,0
CRI,3,48.05527913167674,Costa Rica,3,50.30124538471185,2.2459662530351068,0
ARG,9,22.408581298264686,Argentina,4,42.88152715014479,20.472945851880105,5
CHL,4,41.244397316050204,Chile,5,41.700133325228855,0.45573600917865065,-1
PAN,6,34.04860015718583,Panama,6,37.14134994791276,3.092749790726927,0
PER,7,32.504157989428826,Peru,7,36.143986813492916,3.6398288240640895,0
COL,8,29.89273899260499,Colombia,8,33.53718092971276,3.6444419371077714,0
URY,5,34.20208862368556,Uruguay,9,31.54129137324066,-2.660797250444901,-4
ECU,10,2.393344211800141,Ecuador,10,24.813725069819576,22.420380858019435,0
