country,base_rank,mean_score,score_p10,score_p90,top3_probability
Mexico,1,69.87408352772826,67.37372048739226,72.3468088610927,0.997
Brazil,2,67.58813745737824,62.941924201826076,72.34200507667406,0.911
Chile,3,60.590946093952944,56.40681325719646,64.81086754723586,0.769
Costa Rica,4,59.46678011085153,54.51723028886645,64.54789013322272,0.323
Uruguay,5,47.98475344001256,42.51767043123636,53.568340232927575,0.0
Panama,6,46.654683468904565,41.06599100275366,52.199142356830144,0.0
Peru,7,42.06349093752648,38.15101656499037,45.99710543589049,0.0
Colombia,8,32.890946145167256,29.651389301014426,36.195544537254285,0.0
Argentina,9,31.07986777731622,27.72926788184467,34.51226281922176,0.0
Ecuador,10,19.86482857479156,16.63486032249635,23.231022083155505,0.0
