country_code,country,base_rank,base_score,mean_score,score_p10,score_p90,top3_share
BRA,Brazil,1,73.5818780534684,73.56110938832003,69.89407386368327,77.14375116970146,1.0
MEX,Mexico,2,55.314244020917585,55.33035853743033,52.73530815665073,58.02371246334216,0.9935
CRI,Costa Rica,3,50.30124538471185,50.27049112624223,44.419469348198376,56.10801874950406,0.9725
ARG,Argentina,4,42.88152715014479,42.84117313675514,38.64744469199189,47.173151940735366,0.0325
CHL,Chile,5,41.700133325228855,41.69085744069953,38.0615232528006,45.267427170170016,0.0015
PAN,Panama,6,37.14134994791276,37.11208326805727,31.710854279672898,42.79923429498792,0.0
PER,Peru,7,36.143986813492916,36.09067385313818,32.38027981542073,40.10028290243889,0.0
COL,Colombia,8,33.53718092971276,33.490405938406155,30.679929733562094,36.52100968546955,0.0
URY,Uruguay,9,31.54129137324066,31.56149434573702,26.914777906882154,36.22149526355719,0.0
ECU,Ecuador,10,24.813725069819576,24.74641767983664,20.32370463163231,29.466478839587232,0.0
